file,line,rhs,triage_class_guess
lib/activity_graph/activity_graph_reducer.ml,32,None,unclassified
lib/activity_graph/activity_graph_types.ml,61,None,unclassified
lib/activity_graph/activity_graph_types.ml,75,None,unclassified
lib/activity_graph/activity_graph_types.ml,141,None,unclassified
lib/activity_graph/activity_graph_types.ml,149,None,unclassified
lib/activity_graph/activity_graph_types.ml,336,None,unclassified
lib/activity_graph/activity_graph.ml,239,None,unclassified
lib/activity_graph/activity_graph.ml,634,None,unclassified
lib/activity_graph/activity_graph.ml,654,None,unclassified
lib/agent_observation/agent_observation.ml,180,None,unclassified
lib/agent_sdk_log_bridge.ml,57,None,unclassified
lib/agent_sdk_log_bridge.ml,136,None,unclassified
lib/agent_sdk_log_bridge.ml,161,None,unclassified
lib/agent_sdk_log_bridge.ml,191,false,unclassified
lib/agent_sdk_log_bridge.ml,199,false,unclassified
lib/agent_sdk_log_bridge.ml,237,(),unclassified
lib/attempt_state.ml,15,None,unclassified
lib/attempt_state.ml,66,None,unclassified
lib/attempt_state.ml,70,None,unclassified
lib/attempt_state.ml,75,None,unclassified
lib/attempt_state.ml,81,None,unclassified
lib/attempt_state.ml,125,None,unclassified
lib/attribution/tool_input_path.ml,6,None,unclassified
lib/attribution/tool_input_path.ml,13,None,unclassified
lib/attribution/tool_input_path.ml,42,None,unclassified
lib/audit_log.ml,340,None,unclassified
lib/audit_log.ml,347,None,unclassified
lib/audit_log.ml,362,None,unclassified
lib/audit_log.ml,437,None,unclassified
lib/audit_log.ml,447,None,unclassified
lib/auth_credential_base.ml,300,None,unclassified
lib/auth_credential_base.ml,461,false,unclassified
lib/auth_credential_base.ml,504,None,unclassified
lib/auth_error_kind.ml,43,None,unclassified
lib/auth/auth_credential_base.ml,300,None,unclassified
lib/auth/auth_credential_base.ml,461,false,unclassified
lib/auth/auth_credential_base.ml,505,None,unclassified
lib/auth/auth_error_kind.ml,43,None,unclassified
lib/auth/auth_nickname.ml,43,None,unclassified
lib/auth/auth_nickname.ml,62,None,unclassified
lib/autonomous/autonomous_bridge.ml,101,None,unclassified
lib/autonomous/autonomous_executor.ml,24,None,unclassified
lib/autonomous/wirein_helpers.ml,7,false,unclassified
lib/backend/backend_types.ml,77,false,unclassified
lib/backend/backend.ml,619,None,unclassified
lib/backend/backend.ml,628,None,unclassified
lib/board_tool_adapter/board_tool_format.ml,239,None,unclassified
lib/board_tool_adapter/board_tool_format.ml,456,None,unclassified
lib/board_tool_adapter/board_tool_format.ml,466,None,unclassified
lib/board_tool_adapter/board_tool_post.ml,202,None,unclassified
lib/board_tool_adapter/board_tool_post.ml,214,None,unclassified
lib/board/board_core_classify.ml,38,None,unclassified
lib/board/board_core_classify.ml,59,None,unclassified
lib/board/board_core_classify.ml,92,None,unclassified
lib/board/board_core_classify.ml,130,None,unclassified
lib/board/board_core_classify.ml,135,None,unclassified
lib/board/board_core_classify.ml,141,None,unclassified
lib/board/board_core_classify.ml,155,None,unclassified
lib/board/board_core_json.ml,89,None,unclassified
lib/board/board_core_json.ml,149,None,unclassified
lib/board/board_core.ml,136,None,unclassified
lib/board/board_core.ml,142,None,unclassified
lib/board/board_core.ml,168,None,unclassified
lib/board/board_dispatch.ml,54,None,unclassified
lib/board/board_moderation.ml,28,None,unclassified
lib/board/board_moderation.ml,50,None,unclassified
lib/board/board_moderation.ml,66,None,unclassified
lib/board/board_sub_board_json.ml,22,None,unclassified
lib/board/board_sub_board_json.ml,94,None,unclassified
lib/board/board_votes_json.ml,32,None,unclassified
lib/board/board_votes_json.ml,141,None,unclassified
lib/board/board_votes_json.ml,188,None,unclassified
lib/board/board_votes.ml,39,None,unclassified
lib/board/board_votes.ml,463,(),unclassified
lib/board/board_votes.ml,857,None,unclassified
lib/bounded_event_dedupe/bounded_event_dedupe.ml,35,false,unclassified
lib/briefing_compactors/briefing_json_helpers.ml,16,false,unclassified
lib/cache_eio.ml,110,None,unclassified
lib/cdal_runtime/direct_evidence.ml,79,None,unclassified
lib/cdal/adversarial_eval.ml,77,false,unclassified
lib/chronicle_ingest.ml,46,None,unclassified
lib/chronicle_ingest.ml,228,None,unclassified
lib/chronicle_ingest.ml,234,false,unclassified
lib/chronicle_validate.ml,48,None,unclassified
lib/client_identity.ml,386,None,unclassified
lib/compaction_trigger/compaction_trigger.ml,50,None,unclassified
lib/compaction_trigger/compaction_trigger.ml,56,None,unclassified
lib/compaction_trigger/compaction_trigger.ml,62,None,unclassified
lib/compaction_trigger/compaction_trigger.ml,82,None,unclassified
lib/config/env_config_runtime.ml,290,false,unclassified
lib/config/keeper_sandbox_config.ml,21,None,unclassified
lib/config/playground_paths.ml,138,None,unclassified
lib/core/eval_tool_selector.ml,43,None,unclassified
lib/core/json_util.ml,20,None,unclassified
lib/core/json_util.ml,41,None,unclassified
lib/core/json_util.ml,50,None,unclassified
lib/core/json_util.ml,59,None,unclassified
lib/core/json_util.ml,67,None,unclassified
lib/core/json_util.ml,86,None,unclassified
lib/core/json_util.ml,94,None,unclassified
lib/core/json_util.ml,214,None,unclassified
lib/core/json_util.ml,219,None,unclassified
lib/core/json_util.ml,225,None,unclassified
lib/core/json_util.ml,230,None,unclassified
lib/core/json_util.ml,236,None,unclassified
lib/core/safe_ops.ml,465,None,unclassified
lib/core/safe_ops.ml,554,None,unclassified
lib/core/safe_ops.ml,564,None,unclassified
lib/core/safe_ops.ml,571,None,unclassified
lib/core/safe_ops.ml,577,None,unclassified
lib/core/safe_ops.ml,587,None,unclassified
lib/core/string_util.ml,106,false,unclassified
lib/core/string_util.ml,158,false,unclassified
lib/dashboard_tool_source_freshness.ml,24,None,unclassified
lib/dashboard_tool_source_freshness.ml,40,None,unclassified
lib/dashboard_tool_source_freshness.ml,75,false,unclassified
lib/dashboard_utils/dashboard_utils.ml,4,None,unclassified
lib/dashboard_utils/dashboard_utils.ml,175,false,unclassified
lib/dashboard/dashboard_branches.ml,48,None,unclassified
lib/dashboard/dashboard_branches.ml,61,None,unclassified
lib/dashboard/dashboard_branches.ml,85,None,unclassified
lib/dashboard/dashboard_branches.ml,93,None,unclassified
lib/dashboard/dashboard_branches.ml,101,None,unclassified
lib/dashboard/dashboard_branches.ml,141,None,unclassified
lib/dashboard/dashboard_branches.ml,254,None,unclassified
lib/dashboard/dashboard_briefing_assembly.ml,150,false,unclassified
lib/dashboard/dashboard_briefing_assembly.ml,182,None,unclassified
lib/dashboard/dashboard_briefing.ml,157,false,unclassified
lib/dashboard/dashboard_briefing.ml,476,None,unclassified
lib/dashboard/dashboard_cache.ml,112,false,unclassified
lib/dashboard/dashboard_cache.ml,129,false,unclassified
lib/dashboard/dashboard_cache.ml,174,false,unclassified
lib/dashboard/dashboard_cache.ml,182,false,unclassified
lib/dashboard/dashboard_cache.ml,188,false,unclassified
lib/dashboard/dashboard_cache.ml,584,None,unclassified
lib/dashboard/dashboard_execution_builders.ml,208,None,unclassified
lib/dashboard/dashboard_execution_sessions.ml,120,None,unclassified
lib/dashboard/dashboard_execution.ml,345,false,unclassified
lib/dashboard/dashboard_goals_types_accessor.ml,114,None,unclassified
lib/dashboard/dashboard_goals_types_accessor.ml,119,None,unclassified
lib/dashboard/dashboard_goals_types_accessor.ml,178,None,unclassified
lib/dashboard/dashboard_goals_types_accessor.ml,217,false,unclassified
lib/dashboard/dashboard_goals_types_attainment.ml,34,None,unclassified
lib/dashboard/dashboard_goals_types_attainment.ml,108,false,unclassified
lib/dashboard/dashboard_goals_types_attainment.ml,158,false,unclassified
lib/dashboard/dashboard_goals_types_attainment.ml,162,false,unclassified
lib/dashboard/dashboard_goals_types_attainment.ml,171,false,unclassified
lib/dashboard/dashboard_goals_types_builder.ml,77,None,unclassified
lib/dashboard/dashboard_goals_types_builder.ml,85,None,unclassified
lib/dashboard/dashboard_http_helpers.ml,78,None,unclassified
lib/dashboard/dashboard_http_keeper_detail.ml,98,false,unclassified
lib/dashboard/dashboard_http_keeper_feeds.ml,199,None,unclassified
lib/dashboard/dashboard_http_keeper_feeds.ml,222,None,unclassified
lib/dashboard/dashboard_http_keeper_feeds.ml,396,None,unclassified
lib/dashboard/dashboard_http_keeper_metrics.ml,94,false,unclassified
lib/dashboard/dashboard_http_keeper_metrics.ml,98,false,unclassified
lib/dashboard/dashboard_http_keeper.ml,231,false,unclassified
lib/dashboard/dashboard_http_tool_quality.ml,25,None,unclassified
lib/dashboard/dashboard_http_tool_quality.ml,27,None,unclassified
lib/dashboard/dashboard_http_tool_quality.ml,73,None,unclassified
lib/dashboard/dashboard_http_tool_quality.ml,254,false,unclassified
lib/dashboard/dashboard_keeper_decision_log_proof.ml,160,false,unclassified
lib/dashboard/dashboard_labels.ml,49,None,unclassified
lib/dashboard/dashboard_labels.ml,59,None,unclassified
lib/dashboard/dashboard_labels.ml,62,None,unclassified
lib/dashboard/dashboard_operator_judge.ml,179,None,unclassified
lib/dashboard/dashboard_operator_nudges.ml,29,None,unclassified
lib/dashboard/dashboard_operator_nudges.ml,42,None,unclassified
lib/dashboard/dashboard_operator_nudges.ml,48,None,unclassified
lib/dashboard/dashboard_operator_nudges.ml,86,false,unclassified
lib/dashboard/dashboard_operator_nudges.ml,148,false,unclassified
lib/dashboard/dashboard_verification.ml,45,None,unclassified
lib/dashboard/dashboard_verification.ml,83,None,unclassified
lib/dashboard/dashboard_workspace.ml,20,false,unclassified
lib/dashboard/dashboard_workspace.ml,45,false,unclassified
lib/dashboard/dashboard.ml,84,None,unclassified
lib/dashboard/dashboard.ml,628,false,unclassified
lib/dashboard/operator_digest_types.ml,14,None,unclassified
lib/dated_jsonl/dated_jsonl.ml,67,None,unclassified
lib/dated_jsonl/dated_jsonl.ml,72,None,unclassified
lib/drift_guard.ml,50,None,unclassified
lib/drift_guard.ml,108,false,unclassified
lib/economy/economy.ml,97,None,unclassified
lib/eio_context/eio_context.ml,142,None,unclassified
lib/eval_calibration.ml,31,None,unclassified
lib/eval_calibration.ml,40,None,unclassified
lib/eval_calibration.ml,53,None,unclassified
lib/eval_harness.ml,509,None,unclassified
lib/evidence_ref.ml,35,false,unclassified
lib/evidence_ref.ml,39,false,unclassified
lib/evidence_ref.ml,114,false,unclassified
lib/evidence_ref.ml,125,false,unclassified
lib/evidence_ref.ml,129,false,unclassified
lib/evidence_ref.ml,155,false,unclassified
lib/exec/shell_ir_command_shape.ml,45,false,unclassified
lib/exec/shell_ir_command_shape.ml,49,false,unclassified
lib/exec/shell_ir_oracle.ml,57,None,unclassified
lib/failure_envelope.ml,72,None,unclassified
lib/failure_envelope.ml,141,None,unclassified
lib/failure_envelope.ml,206,None,unclassified
lib/fd_accountant/fd_accountant.ml,33,None,unclassified
lib/fd_accountant/fd_accountant.ml,46,None,unclassified
lib/fs_compat/fd_cache.ml,16,(),unclassified
lib/fs_compat/fs_compat.ml,897,false,unclassified
lib/fusion_core/fusion_judge_parse.ml,64,None,unclassified
lib/fusion_core/fusion_judge_parse.ml,87,None,unclassified
lib/fusion_core/fusion_judge_parse.ml,94,None,unclassified
lib/fusion_core/fusion_judge_parse.ml,109,None,unclassified
lib/fusion_core/fusion_judge_parse.ml,121,None,unclassified
lib/fusion_core/fusion_judge_parse.ml,128,None,unclassified
lib/fusion_core/fusion_types.ml,244,false,unclassified
lib/fusion_core/fusion_types.ml,369,None,unclassified
lib/gate/channel_gate_discord_state.ml,249,None,unclassified
lib/gate/channel_gate_discord_state.ml,262,None,unclassified
lib/gate/channel_gate_discord_state.ml,518,None,unclassified
lib/gate/channel_gate_discord_state.ml,540,None,unclassified
lib/gate/channel_gate_imessage_state.ml,180,None,unclassified
lib/gate/channel_gate_imessage_state.ml,193,None,unclassified
lib/gate/channel_gate_metrics.ml,36,None,unclassified
lib/gate/channel_gate_sidecar_state.ml,185,None,unclassified
lib/gate/channel_gate_sidecar_state.ml,197,None,unclassified
lib/gate/discord_gateway_state.ml,308,None,unclassified
lib/gate/discord_gateway_state.ml,313,None,unclassified
lib/gate/discord_gateway_state.ml,318,None,unclassified
lib/gate/discord_gateway_state.ml,360,None,unclassified
lib/gate/discord_gateway_state.ml,404,None,unclassified
lib/gate/discord_gateway_state.ml,731,false,unclassified
lib/gate/discord_gateway_state.ml,1138,false,unclassified
lib/gate/discord_rest_client.ml,68,None,unclassified
lib/gate/gate_protocol.ml,61,None,unclassified
lib/gate/slack_gateway_state.ml,250,None,unclassified
lib/gate/slack_rest_client.ml,55,None,unclassified
lib/gate/slack_rest_client.ml,190,None,unclassified
lib/gate/slack_socket_client.ml,118,false,unclassified
lib/goal/goal_phase.ml,27,None,unclassified
lib/goal/goal_phase.ml,114,None,unclassified
lib/goal/goal_verification.ml,43,None,unclassified
lib/goal/goal_verification.ml,123,None,unclassified
lib/handover_eio.ml,112,None,unclassified
lib/handover_eio.ml,146,None,unclassified
lib/http_response_payload.ml,11,false,unclassified
lib/http_server_eio.ml,107,None,unclassified
lib/http_server_eio.ml,315,None,unclassified
lib/http_server_eio.ml,571,None,unclassified
lib/http_server_h2.ml,274,(),unclassified
lib/http_server_h2.ml,305,false,unclassified
lib/ide/ide_annotation_types.ml,55,None,unclassified
lib/ide/ide_annotation_types.ml,179,None,unclassified
lib/ide/ide_annotations.ml,82,None,unclassified
lib/ide/ide_bridge.ml,20,None,unclassified
lib/ide/ide_bridge.ml,209,None,unclassified
lib/ide/ide_bridge.ml,218,None,unclassified
lib/ide/ide_bridge.ml,228,None,unclassified
lib/ide/ide_bridge.ml,266,None,unclassified
lib/ide/ide_bridge.ml,283,false,unclassified
lib/ide/ide_bridge.ml,587,None,unclassified
lib/ide/ide_bridge.ml,608,(),unclassified
lib/json_field/json_field.ml,19,None,unclassified
lib/keeper_benchmark_canary.ml,70,None,unclassified
lib/keeper_benchmark_canary.ml,182,None,unclassified
lib/keeper_catchup_digest.ml,179,None,unclassified
lib/keeper_catchup_digest.ml,299,None,unclassified
lib/keeper_contract/keeper_accountability_claim_types.ml,37,None,unclassified
lib/keeper_contract/keeper_accountability_claim_types.ml,54,None,unclassified
lib/keeper_contract/keeper_transition_audit_types.ml,73,None,unclassified
lib/keeper_contract/keeper_transition_audit_types.ml,127,None,unclassified
lib/keeper_contract/keeper_world_observation_turn_types.ml,136,None,unclassified
lib/keeper_hooks_oas_types/keeper_hooks_oas_types.ml,155,false,unclassified
lib/keeper_metrics/keeper_execution_receipt_outcome_kind.ml,39,None,unclassified
lib/keeper_metrics/keeper_tool_outcome.ml,73,false,unclassified
lib/keeper_metrics/keeper_tool_outcome.ml,100,None,unclassified
lib/keeper_registry/keeper_id.ml,12,false,unclassified
lib/keeper_registry/keeper_lifecycle_events.ml,66,None,unclassified
lib/keeper_registry/keeper_runtime_manifest_types.ml,85,None,unclassified
lib/keeper_registry/keeper_state_machine_phase.ml,60,None,unclassified
lib/keeper_runtime/keeper_disk_pressure.ml,41,(),unclassified
lib/keeper_runtime/keeper_fd_pressure.ml,57,(),unclassified
lib/keeper_runtime/keeper_fd_pressure.ml,180,None,unclassified
lib/keeper_runtime/keeper_internal_error.ml,46,None,unclassified
lib/keeper_runtime/keeper_internal_error.ml,85,None,unclassified
lib/keeper_runtime/keeper_internal_error.ml,187,None,unclassified
lib/keeper_runtime/keeper_internal_error.ml,201,None,unclassified
lib/keeper_runtime/keeper_internal_error.ml,233,None,unclassified
lib/keeper_runtime/keeper_internal_error.ml,260,None,unclassified
lib/keeper_runtime/keeper_internal_error.ml,432,None,unclassified
lib/keeper_runtime/keeper_internal_error.ml,445,None,unclassified
lib/keeper_runtime/keeper_internal_error.ml,922,None,unclassified
lib/keeper_runtime/keeper_internal_error.ml,932,None,unclassified
lib/keeper_runtime/keeper_internal_error.ml,1083,false,unclassified
lib/keeper_runtime/keeper_internal_error.ml,1127,None,unclassified
lib/keeper_runtime/keeper_internal_error.ml,1151,None,unclassified
lib/keeper_runtime/keeper_recording_error_state.ml,67,None,unclassified
lib/keeper_runtime/keeper_runtime_failure_route.ml,430,None,unclassified
lib/keeper_toml/keeper_toml_loader.ml,28,None,unclassified
lib/keeper_toml/keeper_toml_loader.ml,34,None,unclassified
lib/keeper_toml/keeper_toml_loader.ml,41,None,unclassified
lib/keeper_toml/keeper_toml_loader.ml,47,None,unclassified
lib/keeper_tool_call_log_route_evidence.ml,5,None,unclassified
lib/keeper_tool_call_log_route_evidence.ml,76,None,unclassified
lib/keeper_tool_call_log.ml,306,(),unclassified
lib/keeper_tool_call_log.ml,654,None,unclassified
lib/keeper_tooling/keeper_tool_name.ml,210,None,unclassified
lib/keeper_types_profile_sandbox/keeper_types_profile_sandbox.ml,68,None,unclassified
lib/keeper_types_profile_sandbox/keeper_types_profile_sandbox.ml,111,None,unclassified
lib/keeper/keeper_accountability_types_codec.ml,149,None,unclassified
lib/keeper/keeper_accountability_types_codec.ml,247,None,unclassified
lib/keeper/keeper_accountability_types_codec.ml,278,None,unclassified
lib/keeper/keeper_agent_run_turn_helpers.ml,130,None,unclassified
lib/keeper/keeper_agent_tool_surface.ml,31,None,unclassified
lib/keeper/keeper_approval_queue.ml,837,None,unclassified
lib/keeper/keeper_binding_health.ml,231,None,unclassified
lib/keeper/keeper_binding_health.ml,242,(),unclassified
lib/keeper/keeper_binding_health.ml,252,(),unclassified
lib/keeper/keeper_binding_health.ml,263,(),unclassified
lib/keeper/keeper_board_attention_candidate.ml,59,None,unclassified
lib/keeper/keeper_board_attention_candidate.ml,66,None,unclassified
lib/keeper/keeper_board_attention_candidate.ml,73,None,unclassified
lib/keeper/keeper_board_attention_candidate.ml,206,None,unclassified
lib/keeper/keeper_board_attention_candidate.ml,215,None,unclassified
lib/keeper/keeper_chat_backfill.ml,16,false,unclassified
lib/keeper/keeper_chat_backfill.ml,37,None,unclassified
lib/keeper/keeper_chat_blocks.ml,165,false,unclassified
lib/keeper/keeper_chat_blocks.ml,191,false,unclassified
lib/keeper/keeper_chat_blocks.ml,193,false,unclassified
lib/keeper/keeper_chat_blocks.ml,269,None,unclassified
lib/keeper/keeper_chat_blocks.ml,309,None,unclassified
lib/keeper/keeper_chat_blocks.ml,313,None,unclassified
lib/keeper/keeper_chat_blocks.ml,334,None,unclassified
lib/keeper/keeper_chat_blocks.ml,339,None,unclassified
lib/keeper/keeper_chat_blocks.ml,344,None,unclassified
lib/keeper/keeper_chat_blocks.ml,355,None,unclassified
lib/keeper/keeper_chat_blocks.ml,570,None,unclassified
lib/keeper/keeper_chat_blocks.ml,576,None,unclassified
lib/keeper/keeper_chat_blocks.ml,581,None,unclassified
lib/keeper/keeper_chat_blocks.ml,588,None,unclassified
lib/keeper/keeper_chat_blocks.ml,593,None,unclassified
lib/keeper/keeper_chat_blocks.ml,640,None,unclassified
lib/keeper/keeper_chat_blocks.ml,644,None,unclassified
lib/keeper/keeper_chat_blocks.ml,660,None,unclassified
lib/keeper/keeper_chat_blocks.ml,740,false,unclassified
lib/keeper/keeper_chat_blocks.ml,751,None,unclassified
lib/keeper/keeper_chat_blocks.ml,758,None,unclassified
lib/keeper/keeper_chat_delivery_identity.ml,15,false,unclassified
lib/keeper/keeper_chat_delivery_journal.ml,169,false,unclassified
lib/keeper/keeper_chat_discord.ml,81,false,unclassified
lib/keeper/keeper_chat_queue.ml,219,false,unclassified
lib/keeper/keeper_chat_store.ml,82,None,unclassified
lib/keeper/keeper_chat_store.ml,111,None,unclassified
lib/keeper/keeper_chat_store.ml,143,None,unclassified
lib/keeper/keeper_chat_store.ml,156,None,unclassified
lib/keeper/keeper_chat_store.ml,1010,None,unclassified
lib/keeper/keeper_chat_store.ml,1067,None,unclassified
lib/keeper/keeper_chat_store.ml,1074,None,unclassified
lib/keeper/keeper_chat_store.ml,1082,false,unclassified
lib/keeper/keeper_chat_store.ml,1093,None,unclassified
lib/keeper/keeper_chat_store.ml,1112,None,unclassified
lib/keeper/keeper_chat_store.ml,1115,None,unclassified
lib/keeper/keeper_chat_store.ml,1304,None,unclassified
lib/keeper/keeper_chat_store.ml,1307,None,unclassified
lib/keeper/keeper_compact_audit.ml,158,None,unclassified
lib/keeper/keeper_compact_audit.ml,174,None,unclassified
lib/keeper/keeper_compact_audit.ml,284,None,unclassified
lib/keeper/keeper_compact_audit.ml,496,false,unclassified
lib/keeper/keeper_composite_observer.ml,195,None,unclassified
lib/keeper/keeper_composite_observer.ml,225,None,unclassified
lib/keeper/keeper_composite_observer.ml,237,None,unclassified
lib/keeper/keeper_composite_observer.ml,244,None,unclassified
lib/keeper/keeper_composite_observer.ml,256,None,unclassified
lib/keeper/keeper_composite_observer.ml,291,None,unclassified
lib/keeper/keeper_composite_observer.ml,306,None,unclassified
lib/keeper/keeper_composite_observer.ml,358,None,unclassified
lib/keeper/keeper_config.ml,297,None,unclassified
lib/keeper/keeper_context_core_message_json.ml,24,None,unclassified
lib/keeper/keeper_delegation_request_store.ml,169,None,unclassified
lib/keeper/keeper_delegation_request_store.ml,176,None,unclassified
lib/keeper/keeper_delegation_request_store.ml,208,false,unclassified
lib/keeper/keeper_delegation_request_store.ml,265,None,unclassified
lib/keeper/keeper_delegation_request_store.ml,278,None,unclassified
lib/keeper/keeper_error_classify.ml,892,None,unclassified
lib/keeper/keeper_event_bridge_inference.ml,27,None,unclassified
lib/keeper/keeper_event_bridge_inference.ml,33,(),unclassified
lib/keeper/keeper_event_bridge_inference.ml,72,(),unclassified
lib/keeper/keeper_event_bridge.ml,606,false,unclassified
lib/keeper/keeper_execution_receipt.ml,80,None,unclassified
lib/keeper/keeper_execution_receipt.ml,169,false,unclassified
lib/keeper/keeper_execution_receipt.ml,174,false,unclassified
lib/keeper/keeper_execution_receipt.ml,566,false,unclassified
lib/keeper/keeper_execution_receipt.ml,777,None,unclassified
lib/keeper/keeper_execution_receipt.ml,980,None,unclassified
lib/keeper/keeper_external_attention.ml,131,None,unclassified
lib/keeper/keeper_external_attention.ml,168,None,unclassified
lib/keeper/keeper_external_attention.ml,176,None,unclassified
lib/keeper/keeper_external_attention.ml,199,None,unclassified
lib/keeper/keeper_gate_mode.ml,27,None,unclassified
lib/keeper/keeper_heartbeat_loop_in_turn_pulse.ml,108,(),unclassified
lib/keeper/keeper_hooks_oas_response_metrics.ml,261,None,unclassified
lib/keeper/keeper_hooks_oas.ml,84,None,unclassified
lib/keeper/keeper_hooks_oas.ml,284,None,unclassified
lib/keeper/keeper_keepalive_signal.ml,547,false,unclassified
lib/keeper/keeper_keepalive_signal.ml,654,None,unclassified
lib/keeper/keeper_lifecycle_hooks.ml,56,(),unclassified
lib/keeper/keeper_llm_bridge.ml,119,false,unclassified
lib/keeper/keeper_memory_bank.ml,130,None,unclassified
lib/keeper/keeper_memory_os_consolidation.ml,143,None,unclassified
lib/keeper/keeper_memory_os_consolidation.ml,159,None,unclassified
lib/keeper/keeper_memory_os_gc_dry_run_report.ml,59,None,unclassified
lib/keeper/keeper_memory_os_sanity_sweep.ml,96,None,unclassified
lib/keeper/keeper_memory_os_types.ml,177,None,unclassified
lib/keeper/keeper_memory_os_types.ml,260,None,unclassified
lib/keeper/keeper_memory_policy.ml,34,None,unclassified
lib/keeper/keeper_memory_policy.ml,101,None,unclassified
lib/keeper/keeper_memory_policy.ml,130,None,unclassified
lib/keeper/keeper_meta_contract.ml,189,None,unclassified
lib/keeper/keeper_meta_contract.ml,272,None,unclassified
lib/keeper/keeper_meta_contract.ml,282,None,unclassified
lib/keeper/keeper_meta_contract.ml,311,None,unclassified
lib/keeper/keeper_meta_contract.ml,335,None,unclassified
lib/keeper/keeper_meta_contract.ml,341,None,unclassified
lib/keeper/keeper_meta_contract.ml,352,None,unclassified
lib/keeper/keeper_meta_contract.ml,358,None,unclassified
lib/keeper/keeper_meta_json_parse.ml,329,None,unclassified
lib/keeper/keeper_meta_json_parse.ml,351,None,unclassified
lib/keeper/keeper_meta_json_parse.ml,432,None,unclassified
lib/keeper/keeper_msg_async.ml,368,None,unclassified
lib/keeper/keeper_msg_async.ml,375,None,unclassified
lib/keeper/keeper_msg_async.ml,381,None,unclassified
lib/keeper/keeper_msg_async.ml,387,None,unclassified
lib/keeper/keeper_msg_async.ml,817,None,unclassified
lib/keeper/keeper_multimodal_input.ml,56,None,unclassified
lib/keeper/keeper_person_notes.ml,59,None,unclassified
lib/keeper/keeper_post_turn.ml,165,None,unclassified
lib/keeper/keeper_prompt_token_integrity.ml,37,false,unclassified
lib/keeper/keeper_provider_runtime_boundary.ml,38,None,unclassified
lib/keeper/keeper_provider_runtime_boundary.ml,113,None,unclassified
lib/keeper/keeper_reaction_ledger.ml,70,None,unclassified
lib/keeper/keeper_reaction_ledger.ml,484,None,unclassified
lib/keeper/keeper_reaction_ledger.ml,490,None,unclassified
lib/keeper/keeper_reaction_ledger.ml,497,None,unclassified
lib/keeper/keeper_reaction_ledger.ml,515,false,unclassified
lib/keeper/keeper_reaction_ledger.ml,827,None,unclassified
lib/keeper/keeper_reaction_ledger.ml,900,(),unclassified
lib/keeper/keeper_recall_outcome_eval.ml,242,None,unclassified
lib/keeper/keeper_recall_outcome_eval.ml,282,None,unclassified
lib/keeper/keeper_recurring_tool.ml,82,None,unclassified
lib/keeper/keeper_registry_entry_action_dispatch.ml,61,None,unclassified
lib/keeper/keeper_registry_types.ml,267,false,unclassified
lib/keeper/keeper_registry.ml,816,None,unclassified
lib/keeper/keeper_run_tools_hooks.ml,75,None,unclassified
lib/keeper/keeper_run_tools_task_scope.ml,42,None,unclassified
lib/keeper/keeper_runtime_attempt.ml,182,false,unclassified
lib/keeper/keeper_runtime_attempt.ml,304,false,unclassified
lib/keeper/keeper_runtime_attempt.ml,323,false,unclassified
lib/keeper/keeper_runtime_contract.ml,310,None,unclassified
lib/keeper/keeper_runtime_manifest_housekeeping.ml,106,false,unclassified
lib/keeper/keeper_runtime_manifest.ml,24,None,unclassified
lib/keeper/keeper_runtime_manifest.ml,46,None,unclassified
lib/keeper/keeper_runtime_manifest.ml,147,None,unclassified
lib/keeper/keeper_runtime_manifest.ml,155,None,unclassified
lib/keeper/keeper_runtime_manifest.ml,160,None,unclassified
lib/keeper/keeper_runtime_manifest.ml,168,None,unclassified
lib/keeper/keeper_runtime_manifest.ml,176,None,unclassified
lib/keeper/keeper_runtime_manifest.ml,181,None,unclassified
lib/keeper/keeper_runtime_manifest.ml,186,None,unclassified
lib/keeper/keeper_runtime_manifest.ml,262,None,unclassified
lib/keeper/keeper_runtime_manifest.ml,269,None,unclassified
lib/keeper/keeper_runtime_manifest.ml,277,None,unclassified
lib/keeper/keeper_runtime_manifest.ml,443,None,unclassified
lib/keeper/keeper_runtime_resolved.ml,32,None,unclassified
lib/keeper/keeper_runtime_trust_snapshot.ml,128,None,unclassified
lib/keeper/keeper_runtime_trust_snapshot.ml,250,None,unclassified
lib/keeper/keeper_runtime_trust_snapshot.ml,261,None,unclassified
lib/keeper/keeper_runtime_trust_snapshot.ml,294,false,unclassified
lib/keeper/keeper_runtime_trust_timeline.ml,11,None,unclassified
lib/keeper/keeper_runtime_trust_timeline.ml,30,None,unclassified
lib/keeper/keeper_runtime_trust_timeline.ml,124,None,unclassified
lib/keeper/keeper_runtime_trust_timeline.ml,234,None,unclassified
lib/keeper/keeper_runtime_trust_timeline.ml,324,None,unclassified
lib/keeper/keeper_sandbox_control.ml,290,None,unclassified
lib/keeper/keeper_sandbox_control.ml,386,None,unclassified
lib/keeper/keeper_sandbox_docker_nested_runtime.ml,38,false,unclassified
lib/keeper/keeper_sandbox_docker_nested_runtime.ml,45,false,unclassified
lib/keeper/keeper_sandbox_docker_nested_runtime.ml,80,None,unclassified
lib/keeper/keeper_sandbox_docker_nested_runtime.ml,83,None,unclassified
lib/keeper/keeper_sandbox_repo_path.ml,80,None,unclassified
lib/keeper/keeper_sandbox_repo_path.ml,126,None,unclassified
lib/keeper/keeper_sandbox_runtime_setup.ml,429,false,unclassified
lib/keeper/keeper_sandbox_runtime.ml,89,None,unclassified
lib/keeper/keeper_secret_projection.ml,79,None,unclassified
lib/keeper/keeper_secret_projection.ml,131,false,unclassified
lib/keeper/keeper_secret_projection.ml,135,false,unclassified
lib/keeper/keeper_status_bridge.ml,247,false,unclassified
lib/keeper/keeper_status_bridge.ml,347,false,unclassified
lib/keeper/keeper_status_detail_observability.ml,10,None,unclassified
lib/keeper/keeper_status_detail_observability.ml,127,None,unclassified
lib/keeper/keeper_status_detail_observability.ml,133,None,unclassified
lib/keeper/keeper_status_detail_observability.ml,138,false,unclassified
lib/keeper/keeper_status_metrics.ml,193,false,unclassified
lib/keeper/keeper_status_runtime.ml,79,None,unclassified
lib/keeper/keeper_status_runtime.ml,565,None,unclassified
lib/keeper/keeper_tool_board_runtime.ml,21,None,unclassified
lib/keeper/keeper_tool_board_runtime.ml,29,None,unclassified
lib/keeper/keeper_tool_descriptor.ml,519,false,unclassified
lib/keeper/keeper_tool_emission_hook.ml,29,false,unclassified
lib/keeper/keeper_tool_execute_input.ml,17,false,unclassified
lib/keeper/keeper_tool_execute_input.ml,30,false,unclassified
lib/keeper/keeper_tool_filesystem_runtime.ml,35,None,unclassified
lib/keeper/keeper_tool_memory_runtime.ml,34,None,unclassified
lib/keeper/keeper_tool_memory_runtime.ml,464,None,unclassified
lib/keeper/keeper_tool_persona_audit.ml,173,None,unclassified
lib/keeper/keeper_tool_persona_audit.ml,222,false,unclassified
lib/keeper/keeper_tool_persona_audit.ml,249,false,unclassified
lib/keeper/keeper_tool_persona_crud.ml,180,false,unclassified
lib/keeper/keeper_tool_persona_runtime.ml,129,None,unclassified
lib/keeper/keeper_tool_surface.ml,372,false,unclassified
lib/keeper/keeper_tool_surface.ml,566,None,unclassified
lib/keeper/keeper_tool_surface.ml,711,None,unclassified
lib/keeper/keeper_tool_surface.ml,751,None,unclassified
lib/keeper/keeper_tool_surface.ml,963,None,unclassified
lib/keeper/keeper_tool_task_runtime.ml,325,None,unclassified
lib/keeper/keeper_tool_task_runtime.ml,691,false,unclassified
lib/keeper/keeper_tool_task_runtime.ml,717,None,unclassified
lib/keeper/keeper_tool_voice_runtime.ml,102,None,unclassified
lib/keeper/keeper_tool_voice_runtime.ml,110,None,unclassified
lib/keeper/keeper_tool_voice_runtime.ml,355,None,unclassified
lib/keeper/keeper_tools_oas_json.ml,11,None,unclassified
lib/keeper/keeper_tools_oas_markers.ml,49,false,unclassified
lib/keeper/keeper_tools_oas_workflow.ml,18,None,unclassified
lib/keeper/keeper_tools_oas_workflow.ml,42,None,unclassified
lib/keeper/keeper_tools_oas_workflow.ml,58,None,unclassified
lib/keeper/keeper_tools_oas_workflow.ml,174,None,unclassified
lib/keeper/keeper_tools_oas_workflow.ml,285,false,unclassified
lib/keeper/keeper_tools_oas_workflow.ml,292,false,unclassified
lib/keeper/keeper_tools_oas.ml,96,None,unclassified
lib/keeper/keeper_trace_emit.ml,23,false,unclassified
lib/keeper/keeper_transition_audit.ml,67,None,unclassified
lib/keeper/keeper_turn_disposition.ml,204,None,unclassified
lib/keeper/keeper_turn_disposition.ml,210,None,unclassified
lib/keeper/keeper_turn_disposition.ml,218,None,unclassified
lib/keeper/keeper_turn_disposition.ml,278,false,unclassified
lib/keeper/keeper_turn_driver_provider_attempt.ml,283,false,unclassified
lib/keeper/keeper_turn_driver_provider_attempt.ml,300,false,unclassified
lib/keeper/keeper_turn_driver_try_provider.ml,125,(),unclassified
lib/keeper/keeper_turn_driver_try_runtime.ml,112,None,unclassified
lib/keeper/keeper_turn_driver_try_runtime.ml,201,(),unclassified
lib/keeper/keeper_turn_driver.ml,171,None,unclassified
lib/keeper/keeper_turn_driver.ml,422,(),unclassified
lib/keeper/keeper_turn_outcome.ml,27,None,unclassified
lib/keeper/keeper_turn_runtime_budget.ml,171,false,unclassified
lib/keeper/keeper_turn_terminal.ml,135,None,unclassified
lib/keeper/keeper_turn_up_args.ml,46,false,unclassified
lib/keeper/keeper_turn.ml,164,None,unclassified
lib/keeper/keeper_types_profile_persona.ml,192,false,unclassified
lib/keeper/keeper_types_profile.ml,472,false,unclassified
lib/keeper/keeper_types_support.ml,223,false,unclassified
lib/keeper/keeper_unified_metrics_broadcast.ml,75,(),unclassified
lib/keeper/keeper_unified_metrics_decision.ml,43,None,unclassified
lib/keeper/keeper_unified_metrics_support.ml,274,None,unclassified
lib/keeper/keeper_unified_metrics_support.ml,334,None,unclassified
lib/keeper/keeper_unified_turn_event_bus.ml,252,(),unclassified
lib/keeper/keeper_vision_ingest.ml,114,None,unclassified
lib/keeper/keeper_vision_tool.ml,198,false,unclassified
lib/keeper/keeper_vision_tool.ml,208,None,unclassified
lib/keeper/keeper_vision_tool.ml,246,None,unclassified
lib/keeper/keeper_workspace_read_ops.ml,19,false,unclassified
lib/keeper/keeper_workspace_read_ops.ml,205,false,unclassified
lib/keeper/keeper_workspace_read_ops.ml,234,None,unclassified
lib/keeper/keeper_world_observation.ml,253,None,unclassified
lib/keeper/surface_ref.ml,69,None,unclassified
lib/keeper/surface_ref.ml,77,None,unclassified
lib/llm_metric_bridge.ml,321,None,unclassified
lib/local/worker_container_types.ml,101,false,unclassified
lib/local/worker_container_types.ml,154,None,unclassified
lib/local/worker_container_types.ml,174,None,unclassified
lib/local/worker_container_types.ml,185,None,unclassified
lib/local/worker_container_types.ml,445,false,unclassified
lib/local/worker_container_types.ml,616,false,unclassified
lib/local/worker_container.ml,72,None,unclassified
lib/masc_context_injector.ml,75,None,unclassified
lib/masc_context_injector.ml,81,None,unclassified
lib/masc_context_injector.ml,86,None,unclassified
lib/masc_context_injector.ml,136,None,unclassified
lib/masc_http_client/pool.ml,153,(),unclassified
lib/masc_http_client/pool.ml,217,(),unclassified
lib/masc_http_client/pool.ml,294,(),unclassified
lib/masc_log/log.ml,60,None,unclassified
lib/masc_log/log.ml,89,None,unclassified
lib/masc_log/log.ml,496,None,unclassified
lib/mcp_error_code.ml,41,None,unclassified
lib/mcp_prompt_surface.ml,63,None,unclassified
lib/mcp_sdk_adapter_masc.ml,36,None,unclassified
lib/mcp_server_eio_protocol.ml,617,None,unclassified
lib/mcp_server_eio_protocol.ml,666,None,unclassified
lib/mcp_server_eio_protocol.ml,746,false,unclassified
lib/mcp_session/mcp_session.ml,33,None,unclassified
lib/mcp_tool_runtime_board.ml,57,None,unclassified
lib/mcp_tool_runtime_board.ml,430,None,unclassified
lib/mcp_transport_protocol/mcp_transport_protocol.ml,22,false,unclassified
lib/mcp_transport_protocol/mcp_transport_protocol.ml,26,None,unclassified
lib/mcp_transport_protocol/mcp_transport_protocol.ml,31,false,unclassified
lib/mcp_transport_protocol/mcp_transport_protocol.ml,41,false,unclassified
lib/mcp_transport_protocol/mcp_transport_protocol.ml,49,false,unclassified
lib/mcp_transport_protocol/mcp_transport_protocol.ml,299,None,unclassified
lib/mcp_transport_protocol/mcp_transport_protocol.ml,320,None,unclassified
lib/metrics_store_eio.ml,221,None,unclassified
lib/model_inference_metrics/model_inference_metrics_entry.ml,289,None,unclassified
lib/model_inference_metrics/model_inference_metrics_entry.ml,295,None,unclassified
lib/model_inference_metrics/model_inference_metrics_entry.ml,301,None,unclassified
lib/model_inference_metrics/model_inference_metrics_entry.ml,307,None,unclassified
lib/model_inference_metrics/model_inference_metrics_entry.ml,315,None,unclassified
lib/model_inference_metrics/model_inference_metrics_parser.ml,34,None,unclassified
lib/model_inference_metrics/model_inference_metrics_parser.ml,55,None,unclassified
lib/model_inference_metrics/model_inference_metrics_parser.ml,115,false,unclassified
lib/model_inference_metrics/model_inference_metrics_parser.ml,202,None,unclassified
lib/model_inference_metrics/model_inference_metrics_parser.ml,212,None,unclassified
lib/model_inference_metrics/model_inference_metrics_parser.ml,223,None,unclassified
lib/model_inference_metrics/model_inference_metrics_parser.ml,242,false,unclassified
lib/model_inference_metrics/model_inference_metrics_parser.ml,251,None,unclassified
lib/model_inference_metrics/model_inference_metrics_parser.ml,336,None,unclassified
lib/model_inference_metrics/model_inference_metrics_parser.ml,456,None,unclassified
lib/model_inference_metrics/model_inference_metrics_parser.ml,462,None,unclassified
lib/model_inference_metrics/model_inference_metrics_reader.ml,135,false,unclassified
lib/multimodal/multimodal_keeper_bridge.ml,18,None,unclassified
lib/multimodal/tool_emission.ml,13,None,unclassified
lib/multimodal/tool_emission.ml,19,None,unclassified
lib/multimodal/wirein_helpers.ml,6,false,unclassified
lib/multimodal/wirein_helpers.ml,21,None,unclassified
lib/multimodal/wirein_helpers.ml,43,None,unclassified
lib/notify.ml,66,None,unclassified
lib/notify.ml,74,(),unclassified
lib/notify.ml,85,false,unclassified
lib/operator_action_catalog.ml,42,None,unclassified
lib/operator_action_constants.ml,18,None,unclassified
lib/operator/operator_control_action.ml,89,None,unclassified
lib/operator/operator_control_snapshot_cache.ml,334,None,unclassified
lib/operator/operator_control_snapshot_runtime_status.ml,27,None,unclassified
lib/operator/operator_control_snapshot_view.ml,47,None,unclassified
lib/operator/operator_digest.ml,103,None,unclassified
lib/otel_dispatch_hook/otel_dispatch_hook.ml,57,None,unclassified
lib/otel_dispatch_hook/otel_dispatch_hook.ml,66,false,unclassified
lib/otel_spans/otel_spans.ml,108,false,unclassified
lib/otel_trace_context/otel_trace_context.ml,103,None,unclassified
lib/procedural_memory.ml,92,None,unclassified
lib/process/bg_task.ml,672,false,unclassified
lib/process/exec_tap.ml,92,false,unclassified
lib/process/exec_tap.ml,257,false,unclassified
lib/process/process_eio_detached.ml,189,false,unclassified
lib/process/process_eio.ml,139,false,unclassified
lib/process/process_eio.ml,157,false,unclassified
lib/process/timeout_origin.ml,32,(),unclassified
lib/prompt_registry/prompt_registry.ml,302,None,unclassified
lib/repo_manager/repo_git.ml,59,false,unclassified
lib/repo_manager/repo_git.ml,71,false,unclassified
lib/reputation_ledger_v2.ml,169,None,unclassified
lib/resilience/audit.ml,43,None,unclassified
lib/resilience/degradation.ml,64,None,unclassified
lib/resilience/keeper_bridge.ml,14,false,unclassified
lib/resilience/keeper_bridge.ml,179,None,unclassified
lib/runtime_model/runtime_model_string.ml,63,None,unclassified
lib/runtime/dashboard_oas_bridge.ml,161,None,unclassified
lib/runtime/dashboard_oas_bridge.ml,212,None,unclassified
lib/runtime/runtime_adapter.ml,55,false,unclassified
lib/runtime/runtime_agent.ml,44,None,unclassified
lib/runtime/runtime_agent.ml,55,None,unclassified
lib/runtime/runtime_toml.ml,110,None,unclassified
lib/runtime/runtime_toml.ml,549,None,unclassified
lib/schedule_payload_projection.ml,86,None,unclassified
lib/schedule_payload_projection.ml,92,None,unclassified
lib/schedule/schedule_domain.ml,262,None,unclassified
lib/schedule/schedule_runner_status.ml,228,false,unclassified
lib/sdk_tool_contract.ml,130,None,unclassified
lib/sdk_tool_contract.ml,135,None,unclassified
lib/sdk_tool_contract.ml,140,None,unclassified
lib/server_base_path_diagnostics.ml,109,false,unclassified
lib/server_startup_state.ml,26,None,unclassified
lib/server_startup_state.ml,203,None,unclassified
lib/server_startup_state.ml,245,None,unclassified
lib/server/host_fd_pressure_poller.ml,50,None,unclassified
lib/server/host_fd_pressure_poller.ml,103,None,unclassified
lib/server/host_fd_pressure_poller.ml,121,None,unclassified
lib/server/host_fd_pressure_poller.ml,145,None,unclassified
lib/server/keeper_grpc_heartbeat.ml,228,None,unclassified
lib/server/keeper_stream_media_accum.ml,173,(),unclassified
lib/server/lsp_overlay_provider.ml,205,None,unclassified
lib/server/lsp_overlay_provider.ml,208,None,unclassified
lib/server/lsp_process_manager.ml,38,None,unclassified
lib/server/masc_grpc_service.ml,140,None,unclassified
lib/server/proactive_refresh.ml,39,false,unclassified
lib/server/proactive_refresh.ml,44,false,unclassified
lib/server/server_activity_http.ml,104,None,unclassified
lib/server/server_activity_http.ml,129,None,unclassified
lib/server/server_activity_http.ml,160,None,unclassified
lib/server/server_activity_http.ml,195,None,unclassified
lib/server/server_auth.ml,107,None,unclassified
lib/server/server_auth.ml,412,false,unclassified
lib/server/server_auth.ml,443,false,unclassified
lib/server/server_auth.ml,519,false,unclassified
lib/server/server_bootstrap_http.ml,134,(),unclassified
lib/server/server_bootstrap_http.ml,147,false,unclassified
lib/server/server_bootstrap_http.ml,214,false,unclassified
lib/server/server_bootstrap_http.ml,273,false,unclassified
lib/server/server_dashboard_http_composite_claims.ml,31,None,unclassified
lib/server/server_dashboard_http_composite_claims.ml,126,None,unclassified
lib/server/server_dashboard_http_composite_claims.ml,254,None,unclassified
lib/server/server_dashboard_http_composite_claims.ml,259,None,unclassified
lib/server/server_dashboard_http_composite_claims.ml,300,false,unclassified
lib/server/server_dashboard_http_composite_claims.ml,307,false,unclassified
lib/server/server_dashboard_http_composite_claims.ml,371,false,unclassified
lib/server/server_dashboard_http_composite_claims.ml,387,None,unclassified
lib/server/server_dashboard_http_composite_claims.ml,393,None,unclassified
lib/server/server_dashboard_http_core_cache.ml,154,None,unclassified
lib/server/server_dashboard_http_core_json.ml,8,None,unclassified
lib/server/server_dashboard_http_core_operator_digest_http.ml,56,None,unclassified
lib/server/server_dashboard_http_core.ml,356,false,unclassified
lib/server/server_dashboard_http_core.ml,608,false,unclassified
lib/server/server_dashboard_http_core.ml,613,None,unclassified
lib/server/server_dashboard_http_delete_actions.ml,817,None,unclassified
lib/server/server_dashboard_http_execution_surfaces.ml,253,None,unclassified
lib/server/server_dashboard_http_execution_surfaces.ml,515,None,unclassified
lib/server/server_dashboard_http_execution_surfaces.ml,795,None,unclassified
lib/server/server_dashboard_http_keeper_api_post.ml,194,None,unclassified
lib/server/server_dashboard_http_keeper_api_post.ml,623,None,unclassified
lib/server/server_dashboard_http_keeper_api_types.ml,215,false,unclassified
lib/server/server_dashboard_http_keeper_api.ml,513,None,unclassified
lib/server/server_dashboard_http_keeper_api.ml,564,None,unclassified
lib/server/server_dashboard_http_keeper_api.ml,640,None,unclassified
lib/server/server_dashboard_http_keeper_api.ml,770,None,unclassified
lib/server/server_dashboard_http_keeper_api.ml,1004,None,unclassified
lib/server/server_dashboard_http_keeper_api.ml,1167,None,unclassified
lib/server/server_dashboard_http_keeper_api.ml,1885,None,unclassified
lib/server/server_dashboard_http_keeper_runtime_lens_clock_edges.ml,12,None,unclassified
lib/server/server_dashboard_http_keeper_runtime_lens_clock_edges.ml,22,None,unclassified
lib/server/server_dashboard_http_keeper_runtime_lens_clock_edges.ml,185,None,unclassified
lib/server/server_dashboard_http_keeper_runtime_lens_clock_groups.ml,55,false,unclassified
lib/server/server_dashboard_http_link_preview.ml,47,None,unclassified
lib/server/server_dashboard_http_link_preview.ml,96,false,unclassified
lib/server/server_dashboard_http_memory_subsystems.ml,50,false,unclassified
lib/server/server_dashboard_http_namespace_truth_support.ml,263,false,unclassified
lib/server/server_dashboard_http_namespace_truth_support.ml,594,None,unclassified
lib/server/server_dashboard_http_namespace_truth.ml,58,None,unclassified
lib/server/server_dashboard_http_perf.ml,154,None,unclassified
lib/server/server_dashboard_http_runtime_info_json.ml,30,None,unclassified
lib/server/server_dashboard_http_runtime_info.ml,200,false,unclassified
lib/server/server_dashboard_http_runtime_info.ml,376,None,unclassified
lib/server/server_dashboard_http_runtime_info.ml,391,None,unclassified
lib/server/server_dashboard_http_runtime_info.ml,530,false,unclassified
lib/server/server_dashboard_http_runtime_info.ml,535,false,unclassified
lib/server/server_dashboard_http_runtime_info.ml,678,false,unclassified
lib/server/server_dashboard_http_runtime_info.ml,806,false,unclassified
lib/server/server_dashboard_http_runtime_info.ml,819,false,unclassified
lib/server/server_dashboard_http_runtime_info.ml,888,None,unclassified
lib/server/server_dashboard_http_runtime_info.ml,1290,None,unclassified
lib/server/server_dashboard_http_runtime_info.ml,1298,None,unclassified
lib/server/server_dashboard_http_runtime_info.ml,2017,false,unclassified
lib/server/server_dashboard_http_runtime_info.ml,2257,None,unclassified
lib/server/server_dashboard_http_runtime_info.ml,2270,false,unclassified
lib/server/server_dashboard_http_runtime_info.ml,2273,false,unclassified
lib/server/server_dashboard_http_runtime_info.ml,2521,None,unclassified
lib/server/server_dashboard_surface.ml,26,None,unclassified
lib/server/server_dashboard_surface.ml,32,None,unclassified
lib/server/server_dashboard_surface.ml,39,None,unclassified
lib/server/server_h2_gateway_routes_extra.ml,288,false,unclassified
lib/server/server_h2_gateway.ml,46,None,unclassified
lib/server/server_ide_http.ml,51,None,unclassified
lib/server/server_ide_http.ml,266,false,unclassified
lib/server/server_ide_http.ml,300,None,unclassified
lib/server/server_ide_http.ml,309,None,unclassified
lib/server/server_ide_http.ml,448,None,unclassified
lib/server/server_ide_http.ml,598,None,unclassified
lib/server/server_ide_http.ml,603,None,unclassified
lib/server/server_ide_http.ml,608,None,unclassified
lib/server/server_ide_http.ml,613,None,unclassified
lib/server/server_ide_http.ml,815,None,unclassified
lib/server/server_ide_http.ml,875,None,unclassified
lib/server/server_ide_http.ml,1249,None,unclassified
lib/server/server_ide_lsp_proxy.ml,466,None,unclassified
lib/server/server_ide_lsp_proxy.ml,515,None,unclassified
lib/server/server_ide_lsp_proxy.ml,615,None,unclassified
lib/server/server_ide_lsp_proxy.ml,628,None,unclassified
lib/server/server_ide_lsp_proxy.ml,1226,None,unclassified
lib/server/server_mcp_transport_http_headers.ml,11,false,unclassified
lib/server/server_mcp_transport_http_headers.ml,19,None,unclassified
lib/server/server_mcp_transport_http_headers.ml,23,false,unclassified
lib/server/server_mcp_transport_http_headers.ml,32,false,unclassified
lib/server/server_mcp_transport_http_headers.ml,48,false,unclassified
lib/server/server_mcp_transport_http_headers.ml,69,None,unclassified
lib/server/server_mcp_transport_http_headers.ml,102,None,unclassified
lib/server/server_mcp_transport_http_headers.ml,116,None,unclassified
lib/server/server_mcp_transport_http_protocol.ml,36,None,unclassified
lib/server/server_mcp_transport_http_session.ml,107,false,unclassified
lib/server/server_mcp_transport_http_session.ml,169,None,unclassified
lib/server/server_mcp_transport_http_session.ml,285,None,unclassified
lib/server/server_mcp_transport_http_session.ml,290,None,unclassified
lib/server/server_mcp_transport_http_session.ml,337,None,unclassified
lib/server/server_mcp_transport_http_session.ml,355,(),unclassified
lib/server/server_mcp_transport_http_session.ml,463,None,unclassified
lib/server/server_mcp_transport_http.ml,95,None,unclassified
lib/server/server_mcp_transport_http.ml,111,None,unclassified
lib/server/server_mcp_transport_http.ml,193,false,unclassified
lib/server/server_mcp_transport_http.ml,685,false,unclassified
lib/server/server_mcp_transport_ws.ml,406,false,unclassified
lib/server/server_mcp_transport_ws.ml,425,None,unclassified
lib/server/server_mcp_transport_ws.ml,746,None,unclassified
lib/server/server_mcp_transport_ws.ml,788,None,unclassified
lib/server/server_mcp_transport_ws.ml,983,false,unclassified
lib/server/server_request_authority.ml,67,None,unclassified
lib/server/server_request_authority.ml,429,false,unclassified
lib/server/server_routes_http_common.ml,113,false,unclassified
lib/server/server_routes_http_dashboard_handlers.ml,16,None,unclassified
lib/server/server_routes_http_keeper_stream.ml,710,false,unclassified
lib/server/server_routes_http_routes_activity.ml,201,None,unclassified
lib/server/server_routes_http_routes_activity.ml,324,None,unclassified
lib/server/server_routes_http_routes_attribution.ml,19,None,unclassified
lib/server/server_routes_http_routes_channel_gate.ml,204,None,unclassified
lib/server/server_routes_http_routes_dashboard_setup.ml,32,None,unclassified
lib/server/server_routes_http_routes_frontend.ml,337,None,unclassified
lib/server/server_routes_http_routes_provider_runs.ml,226,None,unclassified
lib/server/server_routes_http_routes_provider_runs.ml,266,None,unclassified
lib/server/server_routes_http_routes_provider_runs.ml,291,None,unclassified
lib/server/server_routes_http_routes_provider_runs.ml,316,None,unclassified
lib/server/server_routes_http_routes_sidecar_state.ml,33,None,unclassified
lib/server/server_routes_http_routes_sidecar.ml,239,None,unclassified
lib/server/server_routes_http_routes_verification.ml,30,None,unclassified
lib/server/server_routes_http_routes_workspace.ml,110,None,unclassified
lib/server/server_routes_http_routes_workspace.ml,587,None,unclassified
lib/server/server_routes_http_routes_workspace.ml,598,None,unclassified
lib/server/server_routes_http_routes_workspace.ml,649,None,unclassified
lib/server/server_routes_http_runtime_fleet_scan.ml,448,false,unclassified
lib/server/server_routes_http_runtime_fleet_scan.ml,951,None,unclassified
lib/server/server_routes_http_runtime_health_fleet.ml,139,false,unclassified
lib/server/server_routes_http_runtime.ml,32,false,unclassified
lib/server/server_routes_http_runtime.ml,40,None,unclassified
lib/server/server_routes_http_runtime.ml,44,false,unclassified
lib/server/server_routes_http_runtime.ml,53,false,unclassified
lib/server/server_routes_http_runtime.ml,203,false,unclassified
lib/server/server_routes_http_runtime.ml,357,None,unclassified
lib/server/server_routes_http_runtime.ml,362,None,unclassified
lib/server/server_routes_http_runtime.ml,367,None,unclassified
lib/server/server_routes_sidecar_config_schema.ml,133,None,unclassified
lib/server/server_runtime_bootstrap.ml,1253,None,unclassified
lib/server/server_runtime_startup_credentials.ml,60,false,unclassified
lib/server/server_runtime_startup_credentials.ml,67,false,unclassified
lib/server/server_startup_takeover.ml,69,false,unclassified
lib/server/server_startup_takeover.ml,91,None,unclassified
lib/server/server_timing.ml,26,false,unclassified
lib/server/server_webrtc_transport.ml,51,None,unclassified
lib/server/session_lifecycle_event.ml,56,None,unclassified
lib/server/session_lifecycle_event.ml,69,None,unclassified
lib/sse_jsonrpc_filter.ml,15,false,unclassified
lib/streamable_http.ml,99,false,unclassified
lib/streamable_http.ml,103,false,unclassified
lib/task/tool_task_args.ml,53,None,unclassified
lib/task/tool_task_contract_gate.ml,8,false,unclassified
lib/task/tool_task_handlers.ml,309,None,unclassified
lib/task/tool_task_handlers.ml,317,None,unclassified
lib/task/tool_task_handlers.ml,454,None,unclassified
lib/task/tool_task.ml,266,None,unclassified
lib/task/tool_task.ml,448,false,unclassified
lib/task/tool_task.ml,678,None,unclassified
lib/task/tool_task.ml,742,false,unclassified
lib/task/tool_task.ml,782,None,unclassified
lib/task/workflow_rejection_payload.ml,18,None,unclassified
lib/telemetry_unified_source/telemetry_unified_source.ml,46,None,unclassified
lib/telemetry_unified/telemetry_unified.ml,47,false,unclassified
lib/telemetry_unified/telemetry_unified.ml,58,None,unclassified
lib/telemetry_unified/telemetry_unified.ml,63,None,unclassified
lib/telemetry_unified/telemetry_unified.ml,201,false,unclassified
lib/telemetry_unified/telemetry_unified.ml,227,None,unclassified
lib/telemetry_unified/telemetry_unified.ml,279,None,unclassified
lib/telemetry_unified/telemetry_unified.ml,288,None,unclassified
lib/telemetry_unified/telemetry_unified.ml,293,None,unclassified
lib/telemetry_unified/telemetry_unified.ml,377,false,unclassified
lib/telemetry_unified/telemetry_unified.ml,385,false,unclassified
lib/telemetry_unified/telemetry_unified.ml,396,false,unclassified
lib/telemetry_unified/telemetry_unified.ml,401,false,unclassified
lib/tempo.ml,54,None,unclassified
lib/tool_agent_timeline.ml,772,None,unclassified
lib/tool_agent.ml,203,None,unclassified
lib/tool_agent.ml,474,None,unclassified
lib/tool_bridge.ml,60,false,unclassified
lib/tool_bridge.ml,110,false,unclassified
lib/tool_bridge.ml,139,false,unclassified
lib/tool_bridge.ml,144,None,unclassified
lib/tool_bridge.ml,176,None,unclassified
lib/tool_bridge.ml,239,None,unclassified
lib/tool_call_quality_benchmark/tool_call_quality_benchmark_evidence_quality.ml,44,false,unclassified
lib/tool_call_quality_benchmark/tool_call_quality_benchmark_loader.ml,65,None,unclassified
lib/tool_call_quality_benchmark/tool_call_quality_benchmark_loader.ml,170,None,unclassified
lib/tool_call_quality_benchmark/tool_call_quality_benchmark_scoring.ml,54,None,unclassified
lib/tool_control.ml,82,false,unclassified
lib/tool_control.ml,162,None,unclassified
lib/tool_input_validation.ml,54,false,unclassified
lib/tool_input_validation.ml,255,false,unclassified
lib/tool_input_validation.ml,272,false,unclassified
lib/tool_input_validation.ml,278,None,unclassified
lib/tool_input_validation.ml,334,false,unclassified
lib/tool_input_validation.ml,344,false,unclassified
lib/tool_input_validation.ml,472,None,unclassified
lib/tool_input_validation.ml,500,false,unclassified
lib/tool_library.ml,69,None,unclassified
lib/tool_library.ml,146,None,unclassified
lib/tool_library.ml,223,false,unclassified
lib/tool_library.ml,277,None,unclassified
lib/tool_library.ml,460,None,unclassified
lib/tool_local_runtime_probe.ml,101,None,unclassified
lib/tool_local_runtime_probe.ml,121,None,unclassified
lib/tool_local_runtime_probe.ml,217,None,unclassified
lib/tool_local_runtime_probe.ml,297,None,unclassified
lib/tool_local_runtime_probe.ml,562,false,unclassified
lib/tool_local_runtime_verify.ml,29,None,unclassified
lib/tool_local_runtime_verify.ml,70,None,unclassified
lib/tool_local_runtime_verify.ml,144,false,unclassified
lib/tool_local_runtime_verify.ml,164,false,unclassified
lib/tool_local_runtime_verify.ml,268,None,unclassified
lib/tool_local_runtime.ml,93,None,unclassified
lib/tool_local_runtime.ml,99,None,unclassified
lib/tool_local_runtime.ml,261,None,unclassified
lib/tool_misc_web_enrichment.ml,22,None,unclassified
lib/tool_misc_web_enrichment.ml,29,None,unclassified
lib/tool_misc_web_enrichment.ml,36,None,unclassified
lib/tool_misc_web_enrichment.ml,49,None,unclassified
lib/tool_misc_web_enrichment.ml,54,None,unclassified
lib/tool_misc_web_enrichment.ml,59,None,unclassified
lib/tool_misc_web_fetch.ml,63,None,unclassified
lib/tool_misc_web_fetch.ml,131,false,unclassified
lib/tool_misc_web_search.ml,153,false,unclassified
lib/tool_misc_web_search.ml,268,None,unclassified
lib/tool_misc_web_search.ml,281,false,unclassified
lib/tool_misc.ml,229,None,unclassified
lib/tool_plan.ml,249,None,unclassified
lib/tool_plan.ml,270,false,unclassified
lib/tool_run.ml,113,None,unclassified
lib/tool_schedule.ml,513,None,unclassified
lib/tool_surface/tool_help_registry.ml,271,None,unclassified
lib/tool_surface/tool_output_validation.ml,57,None,unclassified
lib/tool_types/tool_result.ml,47,None,unclassified
lib/tool_types/tool_result.ml,95,None,unclassified
lib/tool_types/tool_result.ml,109,None,unclassified
lib/tool_usage_log.ml,67,None,unclassified
lib/tool_usage_log.ml,83,None,unclassified
lib/tool_usage_log.ml,146,false,unclassified
lib/tool_usage_log.ml,288,None,unclassified
lib/tool_workspace.ml,130,false,unclassified
lib/tool_workspace.ml,278,false,unclassified
lib/tool/tool_name.ml,58,None,unclassified
lib/tool/tool_name.ml,165,None,unclassified
lib/tool/tool_name.ml,190,None,unclassified
lib/transport_metrics.ml,420,None,unclassified
lib/transport.ml,57,None,unclassified
lib/transport.ml,205,None,unclassified
lib/turn_fsm/turn_fsm.ml,290,None,unclassified
lib/turn_mode_codec.ml,26,None,unclassified
lib/types/ids.ml,258,false,unclassified
lib/types/masc_error.ml,73,None,unclassified
lib/types/types_core.ml,73,None,unclassified
lib/types/types_core.ml,148,None,unclassified
lib/types/types_core.ml,173,None,unclassified
lib/verification.ml,208,None,unclassified
lib/verification.ml,214,None,unclassified
lib/verification.ml,235,None,unclassified
lib/voice_bridge_core/voice_bridge_core.ml,223,None,unclassified
lib/voice_config/voice_config.ml,110,None,unclassified
lib/voice_config/voice_config.ml,123,None,unclassified
lib/voice_config/voice_config.ml,131,None,unclassified
lib/voice_config/voice_config.ml,136,None,unclassified
lib/voice/voice_bridge.ml,18,None,unclassified
lib/voice/voice_bridge.ml,161,None,unclassified
lib/voice/voice_bridge.ml,781,false,unclassified
lib/voice/voice_bridge.ml,823,None,unclassified
lib/voice/voice_session_manager.ml,73,None,unclassified
lib/worker_execution_backend/worker_execution_backend.ml,13,None,unclassified
lib/worker_execution_spec/worker_execution_spec.ml,33,None,unclassified
lib/worker_runtime_helper_protocol.ml,24,None,unclassified
lib/workspace_assertions.ml,44,None,unclassified
lib/workspace_goals.ml,433,false,unclassified
lib/workspace/event_kind.ml,37,None,unclassified
lib/workspace/event_kind.ml,56,None,unclassified
lib/workspace/event_kind.ml,79,None,unclassified
lib/workspace/event_kind.ml,105,None,unclassified
lib/workspace/nickname.ml,78,false,unclassified
lib/workspace/telemetry_observe.ml,17,(),unclassified
lib/workspace/workspace_eio.ml,490,None,unclassified
lib/workspace/workspace_eio.ml,494,None,unclassified
lib/workspace/workspace_goal_index.ml,96,None,unclassified
lib/workspace/workspace_resilience.ml,61,false,unclassified
lib/workspace/workspace_resilience.ml,124,false,unclassified
lib/workspace/workspace_state.ml,41,None,unclassified
lib/workspace/workspace_task_receipts.ml,131,None,unclassified
lib/workspace/workspace_task_transitions.ml,159,false,unclassified
lib/workspace/workspace_utils_backend_setup.ml,67,None,unclassified
lib/workspace/workspace_utils_backend_setup.ml,225,None,unclassified
lib/workspace/workspace_utils_ops.ml,439,false,unclassified
lib/workspace/workspace_verification_store.ml,123,None,unclassified
lib/workspace/workspace_verification_store.ml,129,None,unclassified
lib/workspace/workspace_verification_store.ml,136,None,unclassified
